–õ–∞–≥–µ—Ä—å –≥–æ–±–ª–∏–Ω–æ–≤,üü°–ó–æ–ª–æ—Ç–æ,1,1,30.0
–õ–∞–≥–µ—Ä—å –≥–æ–±–ª–∏–Ω–æ–≤,–ú–µ—à–æ–∫ —Å –≠–ª–∏–∫—Å–∏—Ä–∞–º–∏ (–û–±—ã—á–Ω—ã–π),1,1,0.5
–≠–ª—å—Ñ–∏–π—Å–∫–∏–π –ª–µ—Å,–ú–µ—à–æ–∫ —Å –û—Ä—É–∂–∏–µ–º (–û–±—ã—á–Ω—ã–π),1,1,0.2
–≠–ª—å—Ñ–∏–π—Å–∫–∏–π –ª–µ—Å,–ú–µ—à–æ–∫ —Å –ë—Ä–æ–Ω–µ–π (–û–±—ã—á–Ω—ã–π),1,1,0.2
–õ–∞–≥–µ—Ä—å –≥–æ–±–ª–∏–Ω–æ–≤,–ú–µ—à–æ–∫ —Å –†–µ—Ü–µ–ø—Ç–∞–º–∏ (–û–±—ã—á–Ω—ã–π),1,1,0.2
–≠–ª—å—Ñ–∏–π—Å–∫–∏–π –ª–µ—Å,üü°–ó–æ–ª–æ—Ç–æ,1,2,40.0
–ó–∞–±—Ä–æ—à–µ–Ω–Ω–∞—è –®–∞—Ö—Ç–∞,üü°–ó–æ–ª–æ—Ç–æ,1,1,20.0
–ó–∞–±—Ä–æ—à–µ–Ω–Ω–∞—è –®–∞—Ö—Ç–∞,–ú–µ—à–æ–∫ —Å –†–µ—Å—É—Ä—Å–∞–º–∏ (–û–±—ã—á–Ω—ã–π),1,1,5.0
–õ–∞–≥–µ—Ä—å –û—Ä–∫–æ–≤,üü°–ó–æ–ª–æ—Ç–æ,2,3,50.0
–õ–∞–≥–µ—Ä—å –û—Ä–∫–æ–≤,–ú–µ—à–æ–∫ —Å –ö–Ω–∏–≥–æ–π (–û–±—ã—á–Ω—ã–π),1,1,0.5
