–ú–µ—à–æ–∫ —Å –ë—Ä–æ–Ω–µ–π (–û–±—ã—á–Ω—ã–π),Erlon,2,False
üü°–ó–æ–ª–æ—Ç–æ,–û—Ä–µ—Ö,2550,False
–ü–æ—Å–æ—Ö –£—á–µ–Ω–∏–∫–∞,–ò–ª—å—è–∑,1,True
–≠–ª–∏–∫—Å–∏—Ä –°–∏–ª—ã,–ò–ª—å—è–∑,6,False
–≠–ª–∏–∫—Å–∏—Ä –ú—É–¥—Ä–æ—Å—Ç–∏,–ò–ª—å—è–∑,5,False
–≠–ª–∏–∫—Å–∏—Ä –°–∏–ª—ã,–ß–∞–∫,2,False
–≠–ª–∏–∫—Å–∏—Ä –ó–∞—â–∏—Ç—ã,–ß–∞–∫,1,False
üíé–ê–ª–º–∞–∑,–û—Ä–µ—Ö,681,False
–≠–ª–∏–∫—Å–∏—Ä –í—ã–Ω–æ—Å–ª–∏–≤–æ—Å—Ç–∏,–ò–ª—å—è–∑,5,False
üíé–ê–ª–º–∞–∑,–ò–ª—å—è–∑,561,False
–ú–∞–Ω—Ç–∏—è –£—á–µ–Ω–∏–∫–∞,–ò–ª—å—è–∑,1,True
üíé–ê–ª–º–∞–∑,Erlon,561,False
–î–µ—Ä–µ–≤—è–Ω–Ω—ã–π –ö–∏–Ω–∂–∞–ª,Erlon,1,False
–ü–æ—Ç—Ä–µ–ø–∞–Ω–Ω—ã–π –ö–æ–∂–∞–Ω–Ω—ã–π –î–æ—Å–ø–µ—Ö,Erlon,1,False
üü°–ó–æ–ª–æ—Ç–æ,–ß–∞–∫,836,False
–≠–ª–∏–∫—Å–∏—Ä –ú—É–¥—Ä–æ—Å—Ç–∏,–ß–∞–∫,10,False
üü°–ó–æ–ª–æ—Ç–æ,waca,142,False
–ú–µ—à–æ–∫ —Å –†–µ—Å—É—Ä—Å–∞–º–∏ (–û–±—ã—á–Ω—ã–π),waca,35,False
–≠–ª–∏–∫—Å–∏—Ä –°–∏–ª—ã,waca,6,False
–ü–æ—Å–æ—Ö –£—á–µ–Ω–∏–∫–∞,waca,1,False
–ú–∞–Ω—Ç–∏—è –£—á–µ–Ω–∏–∫–∞,waca,1,False
–¢–∞–ª–∏—Å–º–∞–Ω –ê—Ç–∞–∫–∏,waca,1,False
–≠–ª–∏–∫—Å–∏—Ä –í—ã–Ω–æ—Å–ª–∏–≤–æ—Å—Ç–∏,–ß–∞–∫,7,False
–ú–µ—à–æ–∫ —Å –ë—Ä–æ–Ω–µ–π (–û–±—ã—á–Ω—ã–π),–ß–∞–∫,2,False
–≠–ª–∏–∫—Å–∏—Ä –í—ã–Ω–æ—Å–ª–∏–≤–æ—Å—Ç–∏,–û—Ä–µ—Ö,5,False
–≠–ª–∏–∫—Å–∏—Ä –ó–∞—â–∏—Ç—ã,–û—Ä–µ—Ö,8,False
üü°–ó–æ–ª–æ—Ç–æ,Erlon,2313,False
–≠–ª–∏–∫—Å–∏—Ä –°–∏–ª—ã,–û—Ä–µ—Ö,1,False
–¢–∫–∞–Ω—å,–û—Ä–µ—Ö,12,False
–î—Ä–µ–≤–µ—Å–∏–Ω–∞,–û—Ä–µ—Ö,8,False
–ö–æ–∂–∞,–û—Ä–µ—Ö,9,False
–ú–µ—à–æ–∫ —Å –†–µ—Å—É—Ä—Å–∞–º–∏ (–û–±—ã—á–Ω—ã–π),–ß–∞–∫,3,False
–ñ–µ–ª–µ–∑–æ,–û—Ä–µ—Ö,9,False
–ü–æ—Ç—Ä–µ–ø–∞–Ω–Ω—ã–π –ü–æ—Å–æ—Ö,–ß–∞–∫,1,True
–ü–æ—Ç—Ä–µ–ø–∞–Ω–Ω–∞—è –ú–∞–Ω—Ç–∏—è,–ß–∞–∫,1,True
üü°–ó–æ–ª–æ—Ç–æ,–ë–∞–∫–ª–∞–∂–∞–Ω,29,False
–ú–µ—à–æ–∫ —Å –û—Ä—É–∂–∏–µ–º (–û–±—ã—á–Ω—ã–π),Erlon,3,False
–ú–µ—à–æ–∫ —Å –†–µ—Å—É—Ä—Å–∞–º–∏ (–û–±—ã—á–Ω—ã–π),–ë–∞–∫–ª–∞–∂–∞–Ω,11,False
–≠–ª–∏–∫—Å–∏—Ä –°–∏–ª—ã,Erlon,3,False
–ú–µ—à–æ–∫ —Å –†–µ—Å—É—Ä—Å–∞–º–∏ (–û–±—ã—á–Ω—ã–π),Erlon,166,False
üü°–ó–æ–ª–æ—Ç–æ,–ò–ª—å—è–∑,2111,False
üíé–ê–ª–º–∞–∑,–ß–∞–∫,110561,False
–ú–µ—à–æ–∫ —Å –†–µ—Ü–µ–ø—Ç–∞–º–∏ (–û–±—ã—á–Ω—ã–π),Erlon,2,False
–î—É–±–∏–Ω–∞ –£—á–µ–Ω–∏–∫–∞,–û—Ä–µ—Ö,1,True
–≠–ª–∏–∫—Å–∏—Ä –ó–∞—â–∏—Ç—ã,Erlon,12,False
–≠–ª–∏–∫—Å–∏—Ä –ú—É–¥—Ä–æ—Å—Ç–∏,Erlon,8,False
–≠–ª–∏–∫—Å–∏—Ä –í—ã–Ω–æ—Å–ª–∏–≤–æ—Å—Ç–∏,Erlon,12,False
–¢—è–∂–µ–ª–∞—è –ë—Ä–æ–Ω—è –£—á–µ–Ω–∏–∫–∞,–û—Ä–µ—Ö,1,True
–≠–ª–∏–∫—Å–∏—Ä –ú—É–¥—Ä–æ—Å—Ç–∏,–û—Ä–µ—Ö,5,False
